seq,name,gc,genome,local_genome,pb_index,reg_index,reg_name,repetitive,tm,top_transcriptome,transcriptome
b'ATATCACATCCATATATAACATAGGATTGGGAAATATACA',chr8_130295101_130300101_5kb_pb_32,0.275,39.0,24.0,32,0,chromosome 8:130343096-130348096,1.0,70.13512186202757,3.0,7.0
b'TTTATATATCTTCTGTGACTGCTTTTATGAGTTGAGTAGC',chr8_130295101_130300101_5kb_pb_88,0.325,74.0,24.0,88,0,chromosome 8:130343096-130348096,0.0,70.34221448360097,5.0,18.0
b'AAAATATTTACAGTCTCACCCTTTATAGAAAGTGTTTGCC',chr8_130295101_130300101_5kb_pb_159,0.325,56.0,24.0,159,0,chromosome 8:130343096-130348096,0.0,71.96240347849204,1.0,20.0
b'ACCACCAGATTCAGTGTCTCTCTGGTAGGCCTATTTGTGC',chr8_130295101_130300101_5kb_pb_199,0.5,46.0,24.0,199,0,chromosome 8:130343096-130348096,0.0,79.4137302218208,0.0,5.0
b'GTTTCTTAAAAATGAAAGGTCCTTCCCACATATGGCAAGC',chr8_130295101_130300101_5kb_pb_262,0.4,75.0,24.0,262,0,chromosome 8:130343096-130348096,0.0,75.41455648089487,3.0,18.0
b'TAAAAACCCCAATATTTTGTAACCTCCTCACTGGCTTTCT',chr8_130295101_130300101_5kb_pb_302,0.375,51.0,24.0,302,0,chromosome 8:130343096-130348096,2.0,76.00638380925807,2.0,7.0
b'TATTAAAAGAATAGCTAGAAGTTTTACCTTTATTCCTGGC',chr8_130295101_130300101_5kb_pb_349,0.3,57.0,24.0,349,0,chromosome 8:130343096-130348096,2.0,70.87543856391028,2.0,12.0
b'AATTCTGGGCAGAAAAGGATAGGTGCCTGGCAAATTCCCC',chr8_130295101_130300101_5kb_pb_420,0.5,59.0,24.0,420,0,chromosome 8:130343096-130348096,0.0,81.90319354017078,5.0,10.0
b'ACCCTTAAGCCAAAAAGCCTAATACTGCTGCCCAAAGTGA',chr8_130295101_130300101_5kb_pb_460,0.45,72.0,24.0,460,0,chromosome 8:130343096-130348096,0.0,79.95717089027283,0.0,6.0
b'GGGACAGCTTGACAGCCAGCCAGGGATGGCTAGACTCCAG',chr8_130295101_130300101_5kb_pb_656,0.625,35.0,24.0,656,0,chromosome 8:130343096-130348096,2.0,85.169269732607,0.0,4.0
b'GGGCAGATTACCTTCCCGCTCTGGACCCTTTCCAGCTCCC',chr8_130295101_130300101_5kb_pb_696,0.625,38.0,24.0,696,0,chromosome 8:130343096-130348096,2.0,86.44694940937666,0.0,0.0
b'CCATCTTCAATTCATTCACATGACCTCATTCCTCATGGAC',chr8_130295101_130300101_5kb_pb_784,0.425,91.0,24.0,784,0,chromosome 8:130343096-130348096,0.0,74.57622132014222,4.0,16.0
b'ACCAGACAAGAGCTCAGATGTCACAAGTGCAGATGTAAAA',chr8_130295101_130300101_5kb_pb_824,0.425,60.0,24.0,824,0,chromosome 8:130343096-130348096,1.0,75.59271035832143,1.0,14.0
b'TGAGCTGTTAATACTTCAGCTGTTCATGAACGACAAACCT',chr8_130295101_130300101_5kb_pb_886,0.4,38.0,24.0,886,0,chromosome 8:130343096-130348096,1.0,74.97270267307408,5.0,7.0
b'CCTTCTGGGGCTTCAGCGGTCATGGGCAATCCCCTAGATG',chr8_130295101_130300101_5kb_pb_945,0.6,34.0,24.0,945,0,chromosome 8:130343096-130348096,0.0,85.12137809212271,0.0,0.0
b'TTTGCTTGCCCTAGATGCTAGATCCACTCACCTACACTCC',chr8_130295101_130300101_5kb_pb_1008,0.5,35.0,24.0,1008,0,chromosome 8:130343096-130348096,2.0,79.5253976614514,0.0,1.0
b'GCCTCCCGCAAGGGGTGGAACACAGTTGGACCGAGCGAGT',chr8_130295101_130300101_5kb_pb_1048,0.65,43.0,24.0,1048,0,chromosome 8:130343096-130348096,1.0,87.83487324963215,2.0,6.0
b'GGAGTCTGTCCCAGCCAGCACCAAAGCAACCAGCTATTTC',chr8_130295101_130300101_5kb_pb_1088,0.55,47.0,24.0,1088,0,chromosome 8:130343096-130348096,1.0,81.91175399839994,0.0,4.0
b'AGCATTTTACTAATCTAATTTTGTATGTCATGGCTACTTT',chr8_130295101_130300101_5kb_pb_1215,0.275,49.0,24.0,1215,0,chromosome 8:130343096-130348096,2.0,70.10460855624126,5.0,10.0
b'ATATCACTTCTTCAGAGAGATTCTTTATGACCCTATCTAA',chr8_130295101_130300101_5kb_pb_1274,0.325,80.0,24.0,1274,0,chromosome 8:130343096-130348096,1.0,70.41514795416919,1.0,18.0
b'AACACTGCATCCTGAATATCTCCCTCCTACCAACCTCTAC',chr8_130295101_130300101_5kb_pb_1343,0.475,50.0,24.0,1343,0,chromosome 8:130343096-130348096,0.0,78.27463560286907,5.0,12.0
b'CATGATTTTGTTTACCTGTTTTACAGTCTGCCACTCCAAC',chr8_130295101_130300101_5kb_pb_1398,0.4,72.0,24.0,1398,0,chromosome 8:130343096-130348096,2.0,74.50437423303612,3.0,14.0
b'ACCAGAAAACACATAGCAGCAGGAACATTGCCTATCCTTG',chr8_130295101_130300101_5kb_pb_1438,0.45,48.0,24.0,1438,0,chromosome 8:130343096-130348096,1.0,77.76251651541116,1.0,8.0
b'TCTTATATTTTATCTAATTCATCTAGCCTGCTCAGCTGAA',chr8_130295101_130300101_5kb_pb_1499,0.325,85.0,24.0,1499,0,chromosome 8:130343096-130348096,0.0,71.35280713280946,4.0,11.0
b'TTCTCATTTTGACTTTACCTATGAAATGTAGAATGACACT',chr8_130295101_130300101_5kb_pb_1567,0.3,64.0,24.0,1567,0,chromosome 8:130343096-130348096,1.0,70.11313697951329,0.0,6.0
b'CTCTCCATTTCTATTCCGTAGAAGATTGATGTATGGAAGT',chr8_130295101_130300101_5kb_pb_1636,0.375,28.0,24.0,1636,0,chromosome 8:130343096-130348096,1.0,72.69923315908119,0.0,2.0
b'TAGTCTACATACCCTGTGGTTGGAATTTGGGGAACAGAGA',chr8_130295101_130300101_5kb_pb_1676,0.45,42.0,24.0,1676,0,chromosome 8:130343096-130348096,0.0,78.6566079619397,1.0,9.0
b'CAGAACTGGAAAATGAGAAGTTTGCAAGCCCAGAGACAGT',chr8_130295101_130300101_5kb_pb_1747,0.45,55.0,24.0,1747,0,chromosome 8:130343096-130348096,0.0,76.72793692147121,5.0,9.0
b'GGCTAGGGCCTCCATGCATGAGTGTGCTGGTACATTTCAG',chr8_130295101_130300101_5kb_pb_1787,0.55,36.0,24.0,1787,0,chromosome 8:130343096-130348096,0.0,81.88680133790854,4.0,7.0
b'CAGAAGGACTCCAGGAAAAGGGATGAGTTGGGACTGGATC',chr8_130295101_130300101_5kb_pb_1827,0.525,70.0,24.0,1827,0,chromosome 8:130343096-130348096,0.0,79.9028828300793,0.0,11.0
b'TGCTGGCTCAGTGCTTCTTTTGCCCACAGAGGCCACTGTT',chr8_130295101_130300101_5kb_pb_1867,0.55,65.0,24.0,1867,0,chromosome 8:130343096-130348096,0.0,83.44674816145783,2.0,17.0
b'TCTACCTTTCACAAGGGTGCATGGTGGTCACACTGTGGCA',chr8_130295101_130300101_5kb_pb_1907,0.525,40.0,24.0,1907,0,chromosome 8:130343096-130348096,0.0,82.30527737992571,0.0,5.0
b'AGAAGGCAGGGAGGGATGCAGGAAGGTTGGAGGTGAATGG',chr8_130295101_130300101_5kb_pb_1947,0.575,65.0,24.0,1947,0,chromosome 8:130343096-130348096,0.0,84.48566824794091,3.0,18.0
b'GGTCAGTGACTCCAGGGGAATAGTAGAACACCAATTGATG',chr8_130295101_130300101_5kb_pb_1987,0.475,50.0,24.0,1987,0,chromosome 8:130343096-130348096,0.0,77.56365530648799,1.0,7.0
b'GTAAGAAAAAGCCCAGCAATACAGTGGGAAATGAAGACCA',chr8_130295101_130300101_5kb_pb_2027,0.425,54.0,24.0,2027,0,chromosome 8:130343096-130348096,0.0,77.01955131244995,2.0,15.0
b'GCCTGTGAGTTCTGAGACACATTATTCTAAGTCATTGTTG',chr8_130295101_130300101_5kb_pb_2067,0.4,55.0,24.0,2067,0,chromosome 8:130343096-130348096,0.0,72.92191673870155,2.0,7.0
b'AAAAAAGAACATAAATTGAGAGTTAGGCTTGGTGCAAAGT',chr8_130295101_130300101_5kb_pb_2140,0.325,66.0,24.0,2140,0,chromosome 8:130343096-130348096,0.0,72.73741855326728,4.0,11.0
b'AAAGAACAAAGTATGACTGCTTTAAGAGTTTTTCCCTCCC',chr8_130295101_130300101_5kb_pb_2225,0.375,50.0,24.0,2225,0,chromosome 8:130343096-130348096,1.0,74.11228402475149,1.0,7.0
b'TTAGTAAAACTCACCATATGACTTTCCAATAGTCATCATT',chr8_130295101_130300101_5kb_pb_2375,0.3,50.0,24.0,2375,0,chromosome 8:130343096-130348096,0.0,70.58328123895842,5.0,8.0
b'TTTGAAGCTCTGTATATATATGCTTTGTGAGTATTACTCA',chr8_130295101_130300101_5kb_pb_2416,0.3,57.0,24.0,2416,0,chromosome 8:130343096-130348096,1.0,70.13171559727726,2.0,14.0
b'AAACTATGCTATCCCCATCATTTATAAGTACTTAAAGAAT',chr8_130295101_130300101_5kb_pb_2456,0.275,46.0,24.0,2456,0,chromosome 8:130343096-130348096,1.0,70.20898900627094,5.0,11.0
b'AAATCAAATGCTGTCACTCTCCTTCTTAAAGATATTTACT',chr8_130295101_130300101_5kb_pb_2496,0.3,57.0,24.0,2496,0,chromosome 8:130343096-130348096,0.0,70.17912270663328,4.0,15.0
b'GGTTTCTTAATTCTCATAAGAAAGTAACTGAAACCTAGCA',chr8_130295101_130300101_5kb_pb_2536,0.325,60.0,24.0,2536,0,chromosome 8:130343096-130348096,0.0,71.10913585175427,2.0,6.0
b'GAAGGAGTTATGCATATGGAGTATTGCCAAAATGCAGATT',chr8_130295101_130300101_5kb_pb_2576,0.375,40.0,24.0,2576,0,chromosome 8:130343096-130348096,0.0,74.27267935273511,1.0,2.0
b'AGAATGGTTTATAGTTTATGCTAGAATAATGTATACAGGG',chr8_130295101_130300101_5kb_pb_2617,0.3,41.0,24.0,2617,0,chromosome 8:130343096-130348096,0.0,70.5404376784266,0.0,7.0
b'ACATGTTTATTCTATTACCGTACTGAATTCCCATGAAATG',chr8_130295101_130300101_5kb_pb_2686,0.325,39.0,24.0,2686,0,chromosome 8:130343096-130348096,0.0,71.71250388902354,5.0,7.0
b'TGTGTGTGTAAAGTCATTTGAGCAGTTATGAGATCTTATT',chr8_130295101_130300101_5kb_pb_2750,0.325,37.0,24.0,2750,0,chromosome 8:130343096-130348096,0.0,71.14039287302148,5.0,9.0
b'GTTTCTATTGTTGCAGATACTTCAGTTAATAATTGGTTCA',chr8_130295101_130300101_5kb_pb_2819,0.3,36.0,24.0,2819,0,chromosome 8:130343096-130348096,1.0,70.1032658220717,4.0,4.0
b'CATATATCACTTTGCAACATTTTAAGGGCTAATGTTACTT',chr8_130295101_130300101_5kb_pb_2859,0.3,48.0,24.0,2859,0,chromosome 8:130343096-130348096,1.0,71.0592197226025,4.0,10.0
b'TGAGAAAATGCAGCAGGCAGCTATAAATAAGAGAGTTATA',chr8_130295101_130300101_5kb_pb_2899,0.35,45.0,24.0,2899,0,chromosome 8:130343096-130348096,2.0,73.02423703714032,2.0,5.0
b'AGGGCTATGGAGAGCTGCCACATGCTGATGAACGTTTTTA',chr8_130295101_130300101_5kb_pb_2939,0.475,32.0,24.0,2939,0,chromosome 8:130343096-130348096,0.0,79.69116954478528,4.0,8.0
b'TACTTCCTCAGGTTCTTCTGGAGCCAATATGAGGCTGTAG',chr8_130295101_130300101_5kb_pb_2986,0.475,45.0,24.0,2986,0,chromosome 8:130343096-130348096,2.0,78.01469661738031,4.0,8.0
b'ATCTTGGCAAAGCATCCATTTCACATCCTTGGTGGTATTG',chr8_130295101_130300101_5kb_pb_3035,0.425,37.0,24.0,3035,0,chromosome 8:130343096-130348096,1.0,77.05853840728577,1.0,4.0
b'ACAAAACTTCAGAGGCAATGGGTTGAAACAAATAAGGAAA',chr8_130295101_130300101_5kb_pb_3075,0.35,41.0,24.0,3075,0,chromosome 8:130343096-130348096,1.0,74.38196538733581,1.0,7.0
b'ATCACATTGCAGCTACTGACGTAATGCCCCTACCTGGAGC',chr8_130295101_130300101_5kb_pb_3115,0.525,29.0,24.0,3115,0,chromosome 8:130343096-130348096,0.0,81.28796892705708,2.0,4.0
b'CACTGGGGCCAGCATTAGGCTTTTAAGGTCCAGAGTTCAT',chr8_130295101_130300101_5kb_pb_3155,0.5,32.0,24.0,3155,0,chromosome 8:130343096-130348096,0.0,80.90841571579693,1.0,6.0
b'GAGACAACAAGAGTGAGAAGAACCAGAGGGTAAGGGGAAG',chr8_130295101_130300101_5kb_pb_3210,0.5,54.0,24.0,3210,0,chromosome 8:130343096-130348096,2.0,78.10986779751647,3.0,12.0
b'AGAGAACATGAATGTTGAAGGAAGAAAGCTGAACTCAGTC',chr8_130295101_130300101_5kb_pb_3260,0.4,73.0,24.0,3260,0,chromosome 8:130343096-130348096,2.0,73.20789068909738,1.0,8.0
b'ATCATGTCCAAGGAGGCGGTGTGAGCTGCGATACAGAAAG',chr8_130295101_130300101_5kb_pb_3300,0.525,29.0,24.0,3300,0,chromosome 8:130343096-130348096,0.0,80.39257444791923,0.0,2.0
b'CCAGTGAGTAGGGAAGTGGAGTGTTTCCTGACGGTTGAAT',chr8_130295101_130300101_5kb_pb_3340,0.5,40.0,24.0,3340,0,chromosome 8:130343096-130348096,2.0,79.48634776685446,2.0,5.0
b'GTATGGTATGCACCTGGGTCATGTGGGTTTAAGGGTTCAG',chr8_130295101_130300101_5kb_pb_3380,0.5,36.0,24.0,3380,0,chromosome 8:130343096-130348096,0.0,80.39956628650845,1.0,4.0
b'TCCTTTTTTTGTCTTTGAGTCAGTCAAGAACAACCAAAGC',chr8_130295101_130300101_5kb_pb_3457,0.375,81.0,24.0,3457,0,chromosome 8:130343096-130348096,1.0,73.56389281094107,4.0,19.0
b'CTTTGTCATTATAATAAACTACTCCAATAGGTGACTGTGA',chr8_130295101_130300101_5kb_pb_3536,0.325,36.0,24.0,3536,0,chromosome 8:130343096-130348096,0.0,70.87969497528638,5.0,5.0
b'TTTTAAAATAGAAGCTTTGTACAGAAGCCACAGGATTCAT',chr8_130295101_130300101_5kb_pb_3589,0.325,75.0,24.0,3589,0,chromosome 8:130343096-130348096,2.0,72.38834083648499,5.0,19.0
b'GAAAAACAGTGGTATTTGGAATTGGGGGTTCAAATCATGG',chr8_130295101_130300101_5kb_pb_3631,0.4,47.0,24.0,3631,0,chromosome 8:130343096-130348096,2.0,75.96956435433674,5.0,8.0
b'CAATGTGTTTGGCATTGGCAAGCTATCTTAATCTCTTAGC',chr8_130295101_130300101_5kb_pb_3683,0.4,35.0,24.0,3683,0,chromosome 8:130343096-130348096,1.0,74.51908717686786,5.0,8.0
b'TTCTCTTCTTACAAAATAGGGAAGATTAAAACAGATGGTG',chr8_130295101_130300101_5kb_pb_3729,0.325,57.0,24.0,3729,0,chromosome 8:130343096-130348096,0.0,71.15745982314883,4.0,10.0
b'AGATTCTCAATCAAAATGAGAGTCCTTACATCTAAACTCT',chr8_130295101_130300101_5kb_pb_3804,0.325,41.0,24.0,3804,0,chromosome 8:130343096-130348096,1.0,70.32810029279591,2.0,5.0
b'CTGTACTTGGCTTTTCACTGATGCTAACCAAGATCAATGT',chr8_130295101_130300101_5kb_pb_3844,0.4,28.0,24.0,3844,0,chromosome 8:130343096-130348096,0.0,74.61016667568975,0.0,0.0
b'CAGCTTCATAAAAAGACAGACTCACTAATTTGCTTTTGAA',chr8_130295101_130300101_5kb_pb_3884,0.325,59.0,24.0,3884,0,chromosome 8:130343096-130348096,0.0,70.8445549315827,0.0,5.0
b'TTCAGTTGATTTACCTATTGATTTGATTTGCTGGTAGAAT',chr8_130295101_130300101_5kb_pb_3924,0.3,47.0,24.0,3924,0,chromosome 8:130343096-130348096,0.0,71.0160769978969,2.0,7.0
b'TCAATCCTGAATTTCTGAGGAACCCACTACAGTTAAACCC',chr8_130295101_130300101_5kb_pb_3964,0.425,40.0,24.0,3964,0,chromosome 8:130343096-130348096,0.0,76.50986653519828,0.0,5.0
b'TGTAATCCAGAGATAACATGTCAGGATGTTATCTATTGAT',chr8_130295101_130300101_5kb_pb_4004,0.325,41.0,24.0,4004,0,chromosome 8:130343096-130348096,0.0,71.03455302880013,5.0,9.0
b'CAGTGGAGAGGGGCTGTGGATGTGAGAGAATTTATTGAGA',chr8_130295101_130300101_5kb_pb_4077,0.475,60.0,24.0,4077,0,chromosome 8:130343096-130348096,0.0,77.72915635289314,3.0,19.0
b'GGTTTTCTTATAATCTCAGCATAGTTCTAGAGCTTGAGGA',chr8_130295101_130300101_5kb_pb_4117,0.375,41.0,24.0,4117,0,chromosome 8:130343096-130348096,0.0,72.67293774642661,0.0,5.0
b'AAATTTGTATTGATTTCCCTCAAAATACACTCAGATCAGA',chr8_130295101_130300101_5kb_pb_4178,0.3,59.0,24.0,4178,0,chromosome 8:130343096-130348096,2.0,70.49103804336119,0.0,7.0
b'GAAAAAAACAATTCCTCAAGCAACTCTTTCATTTATGGTT',chr8_130295101_130300101_5kb_pb_4222,0.3,58.0,24.0,4222,0,chromosome 8:130343096-130348096,2.0,70.75552300524265,4.0,12.0
b'AGACACACGCCTCAGCCCCAGAAGATTCTCACATCACAGG',chr8_130295101_130300101_5kb_pb_4262,0.55,36.0,24.0,4262,0,chromosome 8:130343096-130348096,0.0,81.23879417015377,0.0,1.0
b'CTCATATATAAACACCTAAATGCACTGCAATTGTGGAAGC',chr8_130295101_130300101_5kb_pb_4302,0.375,40.0,24.0,4302,0,chromosome 8:130343096-130348096,0.0,73.4719765145777,0.0,4.0
b'AGGAATAAAATTCTGACTCTGGTCACTGAGAAAGTTTCAA',chr8_130295101_130300101_5kb_pb_4370,0.35,78.0,24.0,4370,0,chromosome 8:130343096-130348096,1.0,72.26277429085513,5.0,15.0
b'AGACTCTTAATAAGTTCATAACTTGTAAGTCTCACAAACC',chr8_130295101_130300101_5kb_pb_4438,0.325,37.0,24.0,4438,0,chromosome 8:130343096-130348096,1.0,70.38675244581128,2.0,5.0
b'ACTGGCTACTGCCTGGTCAGTGCACTCTTCCCACCTCTCA',chr8_130295101_130300101_5kb_pb_4478,0.575,36.0,24.0,4478,0,chromosome 8:130343096-130348096,0.0,83.70757022036253,2.0,4.0
b'CATTGATAGCCTGCCTCTGAGGCTTCTGAAAATTTCTGAT',chr8_130295101_130300101_5kb_pb_4518,0.425,70.0,24.0,4518,0,chromosome 8:130343096-130348096,1.0,75.59461879693566,4.0,13.0
b'ATCATCTGCATCCTTCTCCCCCCATCAAGTGGCTTTATCT',chr8_130295101_130300101_5kb_pb_4579,0.475,43.0,24.0,4579,0,chromosome 8:130343096-130348096,0.0,79.73593444978724,4.0,10.0
b'TCAGCAAAATGTTGCAGACCTCCCTCAGCAGCCCATTCCA',chr8_130295101_130300101_5kb_pb_4619,0.525,57.0,24.0,4619,0,chromosome 8:130343096-130348096,0.0,82.43004036486207,2.0,19.0
b'CCTCTACACATTTCCAACTATTGGACAAGTTCTTCATAGT',chr8_130295101_130300101_5kb_pb_4659,0.375,34.0,24.0,4659,0,chromosome 8:130343096-130348096,2.0,73.19766540263817,2.0,6.0
b'CTTTGTTTCCCTGTGGTCTCCACCTACTGGCCCTAGTTAA',chr8_130295101_130300101_5kb_pb_4699,0.5,59.0,24.0,4699,0,chromosome 8:130343096-130348096,1.0,80.8151486556344,3.0,8.0
b'TTAACAACCAACTCTCAAAACAGTGCTTTGTGTGCACACG',chr8_130295101_130300101_5kb_pb_4797,0.425,69.0,24.0,4797,0,chromosome 8:130343096-130348096,0.0,76.15105761557305,5.0,9.0
